{"cameraMode":{"drawMode":0,"name":"Shaded","section":"Shading Mode"},"sceneLighting":true,"audioPlay":false,"sceneViewState":{"showFog":true,"showMaterialUpdate":false,"showSkybox":true,"showFlares":true,"showImageEffects":true,"showParticleSystems":true},"in2DMode":false,"pivot":{"x":-12.23687744140625,"y":-183.25057983398438,"z":177.42454528808595},"rotation":{"x":-0.23177623748779298,"y":0.756411075592041,"z":-0.34902042150497439,"w":-0.5023015141487122},"size":276.22332763671877,"orthographic":false}